L,absPolarity,sentiment_polarity,sentiment_subjectivity,1,2
True,0.16,-0.16,0.6,-230915.1611481023,-26275.842482865948
True,0.13,0.13,0.22,-131942.20616260305,-95232.59768368686
True,0.02,0.02,0.93,-76861.95580787044,-172591.5424431017
True,0.22,0.22,0.47,-212672.64970485546,-51991.383610744735
True,0.07,0.07,0.73,-98190.63977741855,-212821.34981876155
True,0.29,-0.29,0.54,-160872.40248040645,-124746.11326089241
True,0.29,0.29,0.42,-98873.2619582748,-1391.3983103186692
True,0.33,0.33,0.5,-289732.98791256483,-224249.22548843286
True,0.33,0.33,0.5,-30245.70931925845,-97796.57482889049
True,0.03,-0.03,0.65,-206054.2806782744,78874.79388766162
True,0.12,0.12,0.29,-280069.8549982012,-97617.50890473937
True,0.33,0.33,0.5,-9822.490291692106,-56341.87459314264
True,0.42,0.42,0.5,-128573.1902363787,40199.11429440778
True,0.36,0.36,0.44,-300711.6717006785,-208788.52920516132
True,0.33,0.33,0.5,-203150.47293280196,74992.15117861176
True,0.0,0.0,0.0,-32014.15191898865,-25201.516271955446
True,0.33,0.33,0.5,-30314.016398544372,-97709.77123065293
True,0.03,-0.03,0.55,-39706.46975169246,-84541.63595665034
True,0.04,0.04,0.5,-323746.50406470994,103961.49308740735
True,0.33,0.33,0.5,-88879.45549276669,-15477.81733064993
True,0.17,-0.17,0.8,-148565.3698869692,-141959.68197700195
True,0.25,0.25,0.56,-208139.37419651847,-58480.03884093543
True,0.09,-0.09,0.65,-201614.11550295312,-67444.91437640344
True,0.13,0.13,0.32,-167173.55274746113,94531.26105804942
True,0.23,-0.23,0.75,-330627.1349686303,43524.1812643343
True,0.12,-0.12,0.46,-383974.2167585971,-21789.15226322959
True,0.18,0.18,0.6,-270594.58392813144,29490.003706881784
True,0.12,0.12,0.54,-319110.5728255351,97393.1375712044
True,0.33,0.33,0.5,-16074.239217618857,-47546.97280708743
True,0.17,0.17,0.25,-239491.89812627994,55735.81043878838
True,0.27,0.27,0.35,-106906.27664215598,-60284.18767297364
True,1.0,1.0,0.5,0.0,0.0
True,0.06,0.06,0.63,-384417.4114562613,48914.4076213471
True,0.42,0.42,0.5,-27054.012117207443,-32135.086393545553
True,0.29,0.29,0.75,-132692.9807368345,-23971.039602011697
True,0.2,0.2,0.5,-190528.1189036704,127192.39993152994
True,0.33,0.33,0.5,-59194.12386039285,-57151.669587411394
True,0.27,0.27,0.45,-78222.97107349393,39702.11222843013
True,0.27,0.27,0.35,-34562.20179487412,-21603.70605485543
True,0.33,0.33,0.5,-217301.31730390718,-45621.14990216275
True,0.33,0.33,0.5,0.0,0.0
True,0.29,0.29,0.35,-97880.50305276555,-2827.7294431427363
True,0.42,0.42,0.5,0.0,0.0
True,0.33,0.33,0.5,-16074.239217618857,-47546.97280708743
True,0.17,0.17,0.75,-136658.52066581225,-18496.452806568952
True,0.33,0.33,0.5,-44384.692086566225,-77945.58064799807
True,0.12,0.12,0.35,-41836.64221068076,-81543.39086509809
True,0.27,0.27,0.35,-15185.080558849966,-48812.87343814122
True,0.01,0.01,0.59,-69950.78297288335,-112174.34582934793
True,0.33,0.33,0.5,0.0,0.0
True,0.33,0.33,0.5,-114350.8403614526,20366.553835991173
True,0.5,0.5,0.5,-27986.882374531033,-30815.92609961601
True,0.81,0.81,0.5,0.0,0.0
True,0.02,0.02,0.45,-18977.48114999668,-43485.39441611905
True,0.33,0.33,0.5,-88950.58167396719,54829.148829619284
True,0.46,-0.46,0.79,-24631.92206551873,-35547.963532555965
True,0.0,0.0,0.71,0.0,0.0
True,0.19,0.19,0.75,-306272.33678186574,79368.61245081211
True,0.33,0.33,0.5,-448498.36316077056,209070.8891880248
True,0.65,0.65,0.5,-24631.92206551873,-35547.963532555965
True,0.0,0.0,0.0,-147007.40713878907,-3885.9724528626284
True,0.32,0.32,0.51,-340467.7645152138,-12658.32220164338
True,0.0,0.0,0.1,-139210.93583240933,-155162.8965692653
True,0.17,0.17,0.7,-6581.70642636566,-60900.86094069699
True,0.02,0.02,0.57,-406195.347124461,219735.26012356102
True,0.33,0.33,0.5,0.0,0.0
True,0.33,0.33,0.5,-335181.60164389276,190313.6267743783
True,0.08,0.08,0.5,-93064.83965949074,-79754.81162915002
True,0.28,0.28,0.75,-44289.45404479034,-78077.80520412883
True,0.33,0.33,0.5,-24631.92206551873,-35547.963532555965
True,0.08,-0.08,0.59,-178355.70925238996,40082.72135766424
True,0.11,0.11,0.5,-168963.02835527202,97082.17582756175
True,0.33,0.33,0.75,-144264.54267799266,-7735.260288813173
True,0.44,0.44,0.5,-56646.073984507384,-60749.479804511415
True,0.33,0.33,1.0,-107811.39695093714,11184.723521358152
True,0.1,0.1,0.68,-273754.57432906737,33914.36354922845
True,0.42,0.42,0.59,-248788.0369744591,-1205.7305595596044
True,0.01,0.01,0.7,-285497.8346543124,50195.525135117
True,0.33,0.33,0.7,-214084.4917884838,20150.122655654715
True,0.03,0.03,0.5,-21214.467750251843,-110468.68888985642
True,0.27,0.27,0.52,-134624.51135775822,-21439.807366556073
True,0.47,0.47,0.43,-353538.9520583664,5505.989686240086
True,0.33,0.33,0.5,-155526.93538782996,8023.926502808408
True,0.33,0.33,0.5,-233365.21594198848,47296.42827632574
True,0.33,0.33,0.5,-181644.00225416428,-25339.1451227375
True,0.33,0.33,0.5,-19657.531979271615,-42529.84167157287
True,0.42,0.42,0.5,-88950.58167396719,54829.148829619284
True,0.07,0.07,0.46,-117360.62215081387,24602.365840252016
True,0.0,0.0,0.44,-252929.07189864578,74577.45774377778
True,0.16,0.16,0.64,-141569.38611401696,-11534.74080255269
True,0.33,0.33,0.5,-66915.46915181998,23888.826467384813
True,0.04,-0.04,0.62,-206477.84088708987,9322.72988743613
True,0.33,0.33,0.5,-104386.85921939902,-63761.33705985788
True,0.33,0.33,0.5,-218484.58969756548,26331.185677373003
True,0.06,0.06,0.26,-182901.20488044334,-23681.33803573456
True,0.21,-0.21,0.75,-9822.490291692106,-56341.87459314264
True,0.35,0.35,0.52,-126311.36221010143,-33046.376850612745
True,0.33,0.33,0.5,-135128.951850898,-90697.99579852202
True,0.29,-0.29,0.75,-16074.239217618857,-47546.97280708743
True,0.33,0.33,0.5,0.0,0.0
True,0.33,0.33,0.5,-43011.70944381417,-220167.52625955813
True,0.01,0.01,0.3,-209884.41963933074,-126026.55959813911
True,0.333333333,0.33,0.5,0.0,0.0
True,0.333333333,0.33,0.5,0.0,0.0
True,0.333333333,0.33,0.5,-5613.787253739719,-62248.61129633452
True,0.161111111,0.16,0.28,-165254.1876377462,-48450.172646465
True,0.47916666700000005,0.48,0.88,-209091.90880044753,83330.64014727052
True,0.333333333,0.33,0.5,-5523.753365661475,-62383.079490116
True,0.333333333,0.33,0.5,0.0,0.0
True,0.333333333,0.33,0.5,0.0,0.0
True,0.41666666700000005,0.42,0.5,0.0,0.0
True,0.26666666699999997,0.27,0.35,-50874.967195958605,-68845.94158021657
True,0.589583333,0.59,0.6,-13745.472239606439,-120983.3702377628
True,0.333333333,0.33,0.5,0.0,0.0
True,0.333333333,0.33,0.5,0.0,0.0
True,0.011111111000000002,0.01,0.63,0.0,0.0
True,0.010416667,0.01,0.59,-166637.96780966863,-116609.58395021589
True,0.46666666700000003,0.47,0.7,-294687.53016540245,133427.75154394982
True,0.066666667,0.07,0.65,-123344.4345067057,-37229.9409434769
True,0.333333333,0.33,0.5,0.0,0.0
True,0.333333333,0.33,0.5,-193594.95042079076,61534.21229500578
True,0.36666666700000006,0.37,0.45,-202431.29393215518,-66389.07551319519
True,0.166666667,0.17,0.25,-49747.282353724084,-70416.57949299665
True,0.333333333,0.33,0.5,0.0,0.0
True,0.333333333,0.33,0.5,-110237.12299248257,14500.595956474684
True,0.333333333,0.33,0.5,0.0,0.0
True,0.051282050999999995,0.05,0.48,-94902.35152635102,-6927.099632231195
True,0.41666666700000005,0.42,0.5,-200082.50757591322,70661.17183076747
True,0.333333333,0.33,0.5,-332326.5927699323,45881.818874961915
True,0.222222222,0.22,0.39,-122551.25130223794,-38235.38856633125
True,0.07777777799999999,0.08,0.6,-34746.329949911255,-91475.20607824044
True,0.321969697,0.32,0.52,-121419.27949741142,-39947.94374391049
True,0.333333333,0.33,0.5,-200848.74109764,1564.252112445305
True,0.215277778,0.22,0.5,-21791.795771863686,-109674.25289880804
True,0.23968254,0.24,0.46,-44222.9836921233,-218432.7164544111
True,0.022222222000000003,-0.02,0.37,-144286.92252086053,-218117.3547409904
True,0.30952381,0.31,0.52,-238596.41946776997,-85655.05838597719
True,0.813802083,0.81,0.5,0.0,0.0
True,0.333333333,0.33,0.5,-139587.02268646017,-14321.530032323579
True,0.135416667,0.14,0.28,-60697.45748765071,-125187.81617335921
True,0.333333333,0.33,0.5,-15185.080558849966,-48812.87343814122
True,0.333333333,0.33,0.5,-174651.3343309199,34931.092981573645
True,0.1,0.1,0.67,-117360.62215081387,24602.365840252016
True,0.333333333,0.33,0.5,-31088.56466313329,-96613.67783961621
True,0.066666667,0.07,0.65,-199865.65171027096,70380.8134854207
True,0.333333333,0.33,0.5,0.0,0.0
True,0.083333333,-0.08,0.4,-211434.62671191647,16424.240756160172
True,0.333333333,0.33,0.5,-32014.15191898865,-25201.516271955446
True,0.12222222199999999,-0.12,0.73,-83138.38676864919,-233959.6783608423
True,0.0,0.0,0.0,0.0,0.0
True,0.333333333,0.33,0.5,0.0,0.0
True,0.333333333,0.33,0.5,0.0,0.0
True,0.21111111100000002,0.21,0.73,-106706.36699835138,9644.927952609534
True,0.47916666700000005,0.48,0.5,-59111.32304749194,-127399.21420910466
True,0.5166666670000001,0.52,0.55,-125306.4615592059,-34356.121205379386
True,0.208333333,0.21,0.75,-87176.21249454563,-17829.482299123345
True,0.333333333,0.33,0.5,-13107.311514223115,-51730.536899951585
True,0.016666667,0.02,0.45,-88950.58167396719,54829.148829619284
True,0.577777778,0.58,0.7,0.0,0.0
True,0.495659722,0.5,0.71,-128464.01918850772,-170281.10337852032
True,0.41666666700000005,0.42,0.5,0.0,0.0
True,0.055555556,-0.06,0.5,-276617.533744295,-172517.74799338976
True,0.333333333,0.33,0.5,-5688.305975647872,-62151.0828459881
True,0.0,0.0,0.0,-85700.75265695273,-19898.05584804564
True,0.520833333,0.52,0.5,-18721.098767962834,-113979.14819628611
True,0.111111111,0.11,0.52,-19587.477857477134,-42647.478465849854
True,0.320634921,0.32,0.44,-48428.80846362024,-142405.15470976796
True,0.46666666700000003,0.47,0.75,0.0,0.0
True,0.207407407,-0.21,0.56,-320104.6374382247,-41380.29443472401
True,0.291666667,-0.29,0.54,-326937.3520317675,38341.78168134323
True,0.333333333,0.33,0.5,-129079.4621191427,41077.61314932805
True,0.166666667,0.17,0.31,-236358.66228578426,-88904.92496746818
True,0.333333333,0.33,0.5,-26367.237063778804,-103261.4131385264
True,0.136111111,0.14,0.7,-215696.57417760632,-117780.73458270924
True,0.016666667,0.02,0.55,-93408.0516323439,-9110.76120971109
True,0.41666666700000005,0.42,0.5,-101786.21966447151,2714.444802372869
True,0.333333333,0.33,0.5,0.0,0.0
True,0.333333333,0.33,0.5,-8139.642596975369,-58702.68764723601
True,0.11489899,0.11,0.46,-99715.38784019715,-229.2754534592459
True,0.566666667,0.57,0.6,-32014.15191898865,-25201.516271955446
True,0.166666667,0.17,0.3,-11741.018945467047,-123776.4067472857
True,0.333333333,0.33,0.5,-25400.258687485417,-34462.59499362811
True,0.333333333,0.33,0.5,-28927.229829360345,-99642.29787389553
True,0.333333333,0.33,0.5,0.0,0.0
True,0.066666667,0.07,0.55,-167173.55274746113,94531.26105804942
True,0.27777777800000003,0.28,0.33,-25181.28534493309,-104912.92116168886
True,0.333333333,0.33,0.5,0.0,0.0
True,0.333333333,0.33,0.5,0.0,0.0
True,0.333333333,0.33,0.5,-9822.490291692106,-56341.87459314264
True,0.26666666699999997,0.27,0.55,0.0,0.0
True,0.333333333,0.33,0.5,-111427.41962605776,-53871.78304524708
True,0.333333333,0.33,0.5,0.0,0.0
True,0.333333333,0.33,0.5,-210074.70457535167,14519.892493867046
True,0.813802083,0.81,0.5,0.0,0.0
True,0.358333333,0.36,0.3,-361295.187018846,86705.13771949497
True,0.333333333,0.33,0.6,-86481.18656768883,-299357.22045126423
True,0.333333333,0.33,0.5,0.0,0.0
True,0.005555556,0.01,0.7,-247343.9921095654,-73448.34524279054
True,0.36111111100000004,0.36,0.8,0.0,0.0
True,0.333333333,0.33,0.5,-88950.58167396719,54829.148829619284
True,0.095833333,0.1,0.4,-236791.25884470827,-18115.843677334837
True,0.333333333,0.33,0.5,-66072.7185579248,-187741.16475142003
True,0.333333333,0.33,0.5,-202446.22149056036,3847.4265361153884
True,0.333333333,0.33,0.5,-66915.46915181998,23888.826467384813
True,0.333333333,0.33,0.5,0.0,0.0
True,0.333333333,0.33,0.5,-174651.3343309199,34931.092981573645
True,0.166666667,0.17,0.3,-41836.64221068076,-81543.39086509809
True,0.291666667,0.29,0.38,-104644.36874682357,6705.063465386498
True,0.41666666700000005,0.42,0.5,-101092.57974461166,71893.53924894406
True,0.005555556,0.01,0.8,-67189.75742881418,-186192.0432653888
True,0.166666667,0.17,0.25,-188620.56033454364,54552.33415598888
True,0.333333333,0.33,0.5,0.0,0.0
True,0.127777778,0.13,0.45,-263657.0150859314,19659.35812392739
True,0.23854166699999999,-0.24,0.57,-257820.64166559238,-128859.70965295663
True,0.444444444,0.44,0.47,-7163.765813240779,-60082.50929706581
True,0.41666666700000005,0.42,0.5,-159504.3803080151,13475.89799300315
True,0.333333333,0.33,0.5,-97090.22427094256,-3873.5388176167253
True,0.0,0.0,0.0,-15185.080558849966,-48812.87343814122
True,0.333333333,0.33,0.5,0.0,0.0
True,0.166666667,0.17,0.75,-220764.9676806317,-110678.82085704376
True,0.291666667,0.29,0.75,0.0,0.0
True,0.37777777799999995,0.38,0.73,-133106.7316636003,46692.02297698861
True,0.333333333,0.33,0.5,-294926.7362689681,-6527.40108311423
True,0.47184244799999997,0.47,0.4,-215649.8283612728,22291.027960789037
True,0.333333333,0.33,0.5,0.0,0.0
True,0.033333333,0.03,0.36,-96998.70278623773,-74171.35689226598
True,0.333333333,0.33,0.5,-80012.44668130485,42253.02699794246
True,0.333333333,0.33,0.5,-82100.54971066995,-24924.046970756408
True,0.239583333,0.24,0.4,-226625.5766109931,37811.55338455005
True,0.066666667,0.07,0.65,-195160.43512199214,63715.33495843341
True,0.333333333,0.33,0.5,-174651.3343309199,34931.092981573645
True,0.606944444,0.61,0.5,-213608.60730324092,-50619.88660322344
True,0.333333333,0.33,0.5,-168963.02835527202,97082.17582756175
True,0.333333333,0.33,0.5,-88950.58167396719,54829.148829619284
True,0.26666666699999997,0.27,0.45,-157801.317874243,-129081.2424603495
True,0.111111111,0.11,0.83,-106820.29654166974,9737.771543121078
True,0.34166666700000003,0.34,0.57,-85508.75744206211,-20165.796193887894
True,0.41666666700000005,0.42,0.5,-204683.86617411947,6988.478616783395
True,0.1,-0.1,0.63,-66576.35371386277,-46805.22232681088
True,0.088888889,-0.09,0.63,-102889.84507285862,-65899.96612489366
True,0.083333333,-0.08,0.75,0.0,0.0
True,0.333333333,0.33,0.5,-153365.65843951973,-135233.9655504448
True,0.226666667,0.23,0.38,-56646.073984507384,-60749.479804511415
True,0.063809524,0.06,0.69,-48088.391136607504,-72748.48907904288
True,0.333333333,0.33,0.5,-4936.07112113155,-63212.765868950875
True,0.333333333,0.33,0.5,-15185.080558849966,-48812.87343814122
True,0.333333333,-0.33,0.75,-193802.14290235905,-78520.90527238969
True,0.41666666700000005,0.42,0.5,-107066.45879851229,10117.94060439691
True,0.072916667,0.07,0.5,-266582.1918690571,23775.541826614943
True,0.333333333,0.33,0.5,0.0,0.0
True,0.355555556,-0.36,0.77,-15346.243657353582,-118724.95408325864
True,0.333333333,0.33,0.5,-94638.88764961506,-7321.9340163688175
True,0.058333333,0.06,0.67,-141992.5442163326,-10945.597692303949
True,0.41666666700000005,0.42,0.55,-13745.472239606439,-120983.3702377628
True,0.333333333,0.33,0.5,-32922.95349566259,-94028.69196856688
True,0.333333333,0.33,0.5,-118281.48362912532,-44320.417018255655
True,0.333333333,0.33,0.5,-193594.95042079076,61534.21229500578
True,0.333333333,0.33,0.5,-18795.617489870987,-113881.61974593968
True,0.15555555599999998,-0.16,0.7,-107224.2265183249,-129925.63659559547
True,0.291666667,0.29,0.38,-27054.012117207443,-32135.086393545553
True,0.566666667,0.57,0.6,-108256.34555785244,11811.029951878249
True,0.04444444400000001,-0.04,0.67,-122894.5357592886,-37809.20126396635
True,0.333333333,0.33,0.5,-15185.080558849966,-48812.87343814122
True,0.85,0.85,1.0,-66463.36045765836,-187185.5663912045
True,0.233333333,-0.23,0.65,-53387.14106201645,-65278.52109324412
True,0.030208332999999997,0.03,0.67,-390627.4969973872,-82609.07937767159
True,0.333333333,0.33,0.5,-38547.074147539475,-86121.24414308553
True,0.566666667,0.57,0.6,-113733.18899990912,-190951.5599527982
True,0.127777778,0.13,0.63,-116277.66030346163,23080.665810802835
True,0.333333333,0.33,0.5,0.0,0.0
True,0.333333333,0.33,0.5,-43270.7295469578,-219775.6538109117
True,0.39583333299999995,0.4,0.72,-145414.3369603794,-76329.060428871
True,0.04444444400000001,0.04,0.6,-166781.92001377922,-46274.9859686155
True,0.5166666670000001,0.52,0.55,-140799.04949630413,-12648.096707706289
True,0.333333333,0.33,0.5,0.0,0.0
True,0.166666667,0.17,0.25,-211330.1034198413,16356.105914091277
True,0.333333333,0.33,0.5,-251537.33560853123,2649.4555418923846
True,0.19166666699999999,0.19,0.3,-111165.55738315056,-194548.87257252415
True,0.291666667,0.29,0.75,-238512.91585042595,-15619.103204460145
True,0.24242424199999998,0.24,0.36,-376296.1798514927,37685.927777470526
True,0.333333333,0.33,0.5,0.0,0.0
True,0.41666666700000005,0.42,0.5,0.0,0.0
True,0.133333333,-0.13,0.65,-7692.31783270381,-59340.119684694895
True,0.333333333,0.33,0.5,-37627.939172728366,-87450.12756828997
True,0.333333333,0.33,0.5,-98989.92783130152,-1232.3674181765891
True,0.651041667,0.65,0.5,-187021.1441410146,-18017.622270947075
True,0.333333333,0.33,0.5,-15185.080558849966,-48812.87343814122
True,0.18333333300000001,0.18,0.67,-91942.82895927074,-221550.91981240263
True,0.26666666699999997,0.27,0.35,-213671.18685988095,-331132.1629867722
True,0.333333333,0.33,0.5,0.0,0.0
True,0.26666666699999997,0.27,0.35,-256920.24647143835,-130117.6885569223
True,0.24444444399999998,0.24,0.77,-16074.239217618857,-47546.97280708743
True,0.333333333,0.33,0.5,-85700.75265695273,-19898.05584804564
True,0.566666667,0.57,0.6,-31259.319776468823,-96359.84624522866
True,0.29583333300000003,0.3,0.63,-292081.61716988636,59672.493807567895
True,0.166666667,0.17,0.5,-316087.1013670878,93355.23426684119
True,0.333333333,0.33,0.5,0.0,0.0
True,0.41666666700000005,0.42,0.5,-105244.76791508328,-62571.22495902189
True,0.38229166700000006,0.38,0.63,-167173.55274746113,94531.26105804942
True,0.333333333,0.33,0.5,-15185.080558849966,-48812.87343814122
True,0.333333333,0.33,0.5,-132146.89009788467,-24820.90714272134
True,0.333333333,0.33,0.5,-15185.080558849966,-48812.87343814122
True,0.333333333,0.33,0.5,0.0,0.0
True,0.333333333,0.33,0.5,-26090.53269789432,-103633.04800183469
True,0.333333333,0.33,0.5,0.0,0.0
True,0.333333333,0.33,0.5,0.0,0.0
True,0.333333333,0.33,0.5,-13107.311514223115,-51730.536899951585
True,0.166666667,0.17,0.75,-104644.36874682357,6705.063465386498
True,0.027777778,0.03,0.83,-15526.16177460397,-48317.60604386832
True,0.333333333,0.33,0.5,0.0,0.0
True,0.34166666700000003,0.34,0.57,-142896.84735161,-149950.90631300223
True,1.0,1.0,0.3,-24631.92206551873,-35547.963532555965
True,0.333333333,0.33,0.5,-11182.156504928837,-54448.539700385176
True,0.041666667000000004,-0.04,0.53,-195645.53279889183,-5694.905088690131
True,0.0,0.0,0.0,-193594.95042079076,61534.21229500578
True,0.333333333,0.33,0.5,-95077.81336569451,-6698.646621331893
True,0.055555556,-0.06,0.5,-104644.36874682357,6705.063465386498
True,0.083333333,-0.08,0.75,0.0,0.0
True,0.333333333,0.33,0.5,-18795.617489870987,-113881.61974593968
True,0.12916666699999999,0.13,0.57,-15526.16177460397,-48317.60604386832
True,0.083333333,-0.08,0.6,-225954.81633540947,36830.345947684655
True,0.333333333,0.33,0.5,-178355.70925238996,40082.72135766424
True,0.11666666699999999,0.12,0.4,-106856.44436232101,-60346.03071538977
True,0.333333333,0.33,0.5,-66915.46915181998,23888.826467384813
True,0.322222222,-0.32,0.72,-27986.882374531033,-30815.92609961601
True,0.054166667,-0.05,0.84,-441182.75770941377,198749.2310528288
True,0.333333333,0.33,0.5,0.0,0.0
True,0.333333333,0.33,0.5,-18795.617489870987,-113881.61974593968
True,0.06,0.06,0.59,-926556.2087895435,740524.3592819744
True,0.01875,-0.02,0.68,-994740.8652982559,766100.8590156236
True,0.25,-0.25,0.53,-619448.6968927826,589807.3313018115
True,0.5,-0.5,1.0,-652767.4616961674,776887.8357438277
True,0.5,-0.5,1.0,-574544.4906226734,737185.7235153976
True,0.05,-0.05,0.85,-880961.2135116484,606470.2862062791
True,0.25,-0.25,1.0,-594202.022601945,694655.8818438248
True,0.78125,-0.78,1.0,-574544.4906226734,737185.7235153976
True,0.5,-0.5,1.0,-757397.9808412719,713506.56190046
True,0.5,-0.5,1.0,-585200.9750419462,682005.7939563176
True,0.107142857,-0.11,0.77,-752433.8676205736,776615.6245438836
True,0.15,0.15,0.85,-578003.0388732852,671900.0537540029
True,0.108333333,-0.11,0.55,-837416.4340388987,825766.3675997157
True,0.033333333,-0.03,0.53,-622799.3480701208,664691.5411585157
True,0.5,-0.5,1.0,-675637.070367285,809079.2627643417
True,0.188541667,-0.19,0.83,-709409.8996908179,716235.3606432102
True,0.187946429,0.19,0.73,-951658.9270250994,775689.1583924701
True,0.5,-0.5,1.0,-814557.4989284297,723593.5588194125
True,0.5,-0.5,1.0,-688819.1835863561,547038.5623990496
True,0.25,-0.25,0.75,-984614.0737356385,822176.2021982891
True,0.133333333,-0.13,0.47,-768695.0214978765,659250.841601349
True,0.55,-0.55,0.85,-704304.6687874686,638921.7514051643
True,0.5,-0.5,1.0,-580158.2778764131,674937.1122190631
True,0.2,-0.2,0.6,-753250.7674234125,707512.4635944124
True,0.233333333,-0.23,0.62,-640888.9217562503,619920.8562046005
True,0.3125,-0.31,0.65,-675637.070367285,809079.2627643417
True,0.5,-0.5,1.0,-697452.5442342653,629287.7871613768
True,0.135185185,-0.14,0.54,-720646.6294780651,661844.6540139054
True,0.5,-0.5,1.0,-742552.539519105,832968.0892317265
True,0.5,-0.5,1.0,-641459.9597744934,761074.5499827825
True,0.0,0.0,0.75,-766142.312645351,725826.8843337414
True,0.218518519,-0.22,0.47,-814032.7967299024,512249.8004166042
True,0.65,-0.65,0.95,-802623.1764155714,776882.1882340651
True,0.5,-0.5,1.0,-651282.4500661854,704732.6753896398
True,0.333333333,-0.33,0.62,-676744.8260957632,530017.5546390832
True,0.625,-0.63,1.0,-749716.3053323458,772885.5799346607
True,0.6,-0.6,0.83,-710881.6842921191,648136.9888054092
True,0.15,-0.15,0.6,-820907.4476133967,592227.5465564221
True,0.5,-0.5,1.0,-104476.74344857116,6511.542785750964
True,0.075,-0.08,0.82,-782025.3494499861,677913.682726031
True,0.18,-0.18,0.78,-681764.3020590123,747551.4673133905
True,0.25,-0.25,0.83,-1026635.1013175668,740729.6884515762
True,0.5,-0.5,1.0,-574544.4906226734,737185.7235153976
True,0.5,-0.5,1.0,-580158.2778764131,674937.1122190631
True,0.25,-0.25,0.52,-766298.1413093421,655680.6607248215
True,0.1,0.1,0.93,-941872.0139426945,762063.3990872416
True,0.2,0.2,0.2,-641459.9597744934,761074.5499827825
True,0.25,-0.25,0.5,-895801.3933481582,627095.99544074
True,0.05,0.05,1.0,-574544.4906226734,737185.7235153976
True,0.1625,-0.16,0.42,-836961.7687828275,684879.1196948808
True,0.25,-0.25,0.53,-804363.0285427133,779248.3425296759
True,0.117424242,0.12,0.66,-902979.6535314275,707659.1258630891
True,0.15,-0.15,0.53,-1016550.3426754276,796812.6229393356
True,0.2,-0.2,0.8,-692092.3977648164,762050.5316597079
True,0.5,-0.5,1.0,-574544.4906226734,737185.7235153976
True,0.35,-0.35,0.9,-591328.2067336735,620477.9985053664
True,0.2,-0.2,0.7,-886534.0470049634,754443.3209365766
True,0.5,-0.5,1.0,-592993.9158669175,622822.4081918166
True,0.1625,-0.16,0.79,-790154.1485358462,689306.7299696807
True,0.5,-0.5,1.0,-574544.4906226734,737185.7235153976
True,0.15,-0.15,0.75,-794828.8899127879,695973.0865317737
True,0.35,-0.35,0.8,-738864.5169349469,617344.4543109002
True,0.5,-0.5,1.0,-688472.7083577894,756964.5587370952
True,0.066666667,0.07,1.0,-890493.8726773458,830110.9965084104
True,0.22,0.22,0.61,-670631.1765215971,731891.7777062526
True,0.15,-0.15,0.6,-816099.7498121543,655606.0410530897
True,0.5,-0.5,1.0,-912570.3420499156,580606.7080395462
True,0.5,-0.5,1.0,-599944.7493101589,702723.1285217695
True,0.0125,-0.01,0.49,-930119.8335238211,745449.1237723778
True,0.15,0.15,0.88,-875214.4010388975,738713.0577776263
True,0.25,-0.25,0.53,-706437.1163103271,782028.5327526475
True,0.5,-0.5,1.0,-866788.2807181964,796977.5749061885
True,0.5,-0.5,1.0,-871100.9227748543,732890.0195023069
True,0.075,-0.07,0.57,-808046.3623562665,644349.3511650806
True,0.138095238,-0.14,0.78,-779714.298397838,674709.7869840328
True,0.36666666700000006,-0.37,0.59,-832508.1147484123,398029.8570570082
True,0.066666667,-0.07,0.77,-574544.4906226734,737185.7235153976
True,0.625,-0.63,1.0,-648068.6472009878,489754.1697685433
True,0.433333333,-0.43,0.9,-847010.3822336576,839232.9478019405
True,0.5,-0.5,1.0,-739428.0505496436,688277.1480382511
True,0.333333333,0.33,0.63,-661148.9777150821,648443.1521421338
True,0.181818182,-0.18,0.75,-574544.4906226734,737185.7235153976
True,0.5,-0.5,1.0,-852750.0753042706,777364.0135141581
True,0.5,-0.5,1.0,-574544.4906226734,737185.7235153976
True,0.5,-0.5,1.0,-1027668.8800195245,812443.0804631512
True,0.18095238100000002,-0.18,0.68,-1156466.5628638272,853048.808352476
True,0.0,0.0,0.8,-732349.292541361,608182.6617734068
True,0.1,-0.1,0.7,-844135.536178786,765255.3202307512
True,0.15555555599999998,0.16,0.48,-196730.67945306952,-144518.95061271125
True,0.2625,0.26,0.82,-934424.0663236917,751547.7581386616
True,0.15,-0.15,0.7,-593405.3058996433,693541.2982071365
True,0.5,-0.5,1.0,-574544.4906226734,737185.7235153976
True,0.25,-0.25,0.53,-725583.9738029272,668769.55228801
True,0.162121212,0.16,0.82,-652767.4616961674,776887.8357438277
True,0.5,-0.5,1.0,-721472.4064557982,803327.5769807249
True,0.5,-0.5,1.0,-882958.3803929784,749599.5163496579
True,0.0,0.0,0.75,-686849.6384528499,824676.0112184974
True,0.45,-0.45,0.8,-868491.3380372045,589024.9632906716
True,0.25,-0.25,0.53,-726140.0574692194,739546.2303012458
True,0.025,0.02,0.78,-111143.13213827893,-334869.7557259091
True,0.327777778,-0.33,0.64,-890310.9093162889,759942.7854790532
True,0.2,-0.2,0.6,-702859.4145513927,636883.1265439152
True,0.5,-0.5,1.0,-756407.460950387,712136.1788653763
True,0.625,-0.63,1.0,-673444.8209760042,735857.9688872404
True,0.0,0.0,0.87,-591191.6674667463,550141.1108774777
True,0.5,-0.5,1.0,-635815.126101358,753039.6913388079
True,0.25,-0.25,0.5,-786807.4642998382,754860.9897234185
True,0.229166667,-0.23,0.52,-702714.3651318096,636578.1252674961
True,0.25,-0.25,0.53,-624491.3940583155,596876.013039066
True,0.45,-0.45,0.8,-791473.7202516242,550875.4223564327
True,0.28571428600000004,-0.29,0.61,-750692.1821160803,774265.4015844904
True,0.5,-0.5,1.0,-580158.2778764131,674937.1122190631
True,0.78125,-0.78,1.0,-735134.858517803,612075.7180655305
True,0.018095238,-0.02,0.69,-877065.6997684414,741051.0797359472
True,0.0,0.0,0.0,-593521.97177267,693700.3290992785
True,0.166666667,-0.17,0.7,-574544.4906226734,737185.7235153976
True,0.2,-0.2,0.6,-837070.8556055017,895359.127871527
True,0.5,-0.5,1.0,-940407.4568623798,900228.005588409
True,0.4,-0.4,0.8,-709178.8438623648,645747.4752227041
True,0.5,-0.5,1.0,-739502.9449117935,618226.1736573003
True,0.65,-0.65,0.95,-790232.8815678738,689446.2347618897
True,0.1,0.1,0.61,-815090.6391431866,794375.3791308651
True,0.225,-0.23,0.68,-847010.3822336576,839232.9478019405
True,0.375,-0.38,0.63,-602553.5519743426,566118.1433594199
True,0.5,-0.5,1.0,-641459.9597744934,761074.5499827825
True,0.5,-0.5,1.0,-641459.9597744934,761074.5499827825
True,0.5,-0.5,1.0,-690308.1867034617,759390.3414571027
True,0.5,-0.5,1.0,-641459.9597744934,761074.5499827825
True,0.125,-0.13,0.67,-783277.9928664654,679481.5755765926
True,0.0,0.0,0.8,-690066.3458368209,618804.5874433039
True,0.5,-0.5,1.0,-692092.3977648164,762050.5316597079
True,0.115,0.12,0.64,-882572.0901564428,678747.239627366
True,0.5,-0.5,1.0,-742552.539519105,832968.0892317265
True,0.0,0.0,0.75,-616249.1276050723,655490.845930137
True,0.025,-0.02,0.57,-959837.6414906131,717058.526531515
True,0.25,-0.25,0.53,-922586.1566468976,664755.5822051943
True,0.5,-0.5,1.0,-574544.4906226734,737185.7235153976
True,0.5,-0.5,1.0,-644918.5080251051,695788.8802213877
True,0.15,-0.15,0.55,-803823.1749977896,848822.0570551368
True,0.5,-0.5,1.0,-686849.6384528499,824676.0112184974
True,0.5,-0.5,1.0,-766862.0851341548,866929.0382164399
True,0.1,-0.1,0.65,-820391.915259291,591362.1799203036
True,0.25,-0.25,0.81,-601939.7496142695,635363.301379301
True,0.25,-0.25,0.53,-691932.5352957917,621496.2293651457
True,0.625,-0.63,1.0,-928248.1927883258,743122.8468959916
True,0.17,-0.17,0.77,-755833.5780614088,711340.5448771891
True,0.083333333,0.08,0.15,-348076.25405616,-72394.64942884739
True,0.291666667,-0.29,0.93,-819475.9454502619,730568.040581705
True,0.6,-0.6,0.83,-735863.1686329215,683213.6531620165
True,0.375,-0.38,0.8,-703201.5420483331,707473.2363883666
True,0.45,-0.45,0.7,-641610.3629092776,620951.8400202356
True,0.45,-0.45,0.8,-729133.6778691063,673703.987355721
True,0.125,0.13,0.47,-881331.9295699571,817252.1075696377
True,0.273611111,-0.27,0.68,-985770.7464978108,472990.2286452316
True,0.1375,-0.14,0.82,-689491.991798567,688247.3523979915
True,0.5,-0.5,1.0,-684293.9401092302,680953.3876105412
True,0.5,-0.5,1.0,-641459.9597744934,761074.5499827825
True,0.10571428599999999,0.11,0.56,-973942.1693337193,596691.5107394934
True,0.5,-0.5,1.0,-740112.7510466703,689075.1932710812
True,0.0,0.0,0.52,-728163.9341369931,532144.28717909
True,0.5,-0.5,1.0,-822564.9862004098,875221.116229669
True,0.15,0.15,0.85,-574544.4906226734,737185.7235153976
True,0.25,-0.25,1.0,-916516.8081623381,796548.0746415773
True,0.5,-0.5,1.0,-978972.5827111751,884259.9657957975
True,0.55,-0.55,0.9,-582236.8084553772,677845.6038307027
True,0.16,-0.16,0.78,-970845.7153386002,732518.6331979966
True,0.0,0.0,0.1,-16268.042406202212,-47291.17340869204
True,0.5,-0.5,1.0,-785850.1778801158,683294.1062972784
True,0.5,-0.5,1.0,-706576.2291096639,712099.1680484107
True,0.25,-0.25,0.7,-574544.4906226734,737185.7235153976
True,0.25,0.25,1.0,-879935.0553623801,745164.3040880307
True,0.6,-0.6,0.83,-663495.0722966406,792014.8723450169
True,0.5,-0.5,1.0,-574544.4906226734,737185.7235153976
True,0.133333333,-0.13,1.0,-763248.4824584048,721528.9142985439
True,0.9765625,-0.98,1.0,-844610.4327072953,836066.7011613941
True,0.5,-0.5,1.0,-614702.5744627961,653320.1539389733
True,0.5,-0.5,1.0,-574544.4906226734,737185.7235153976
True,0.181818182,-0.18,0.73,-791494.0071996734,831381.0746838839
True,0.5,-0.5,1.0,-641459.9597744934,761074.5499827825
True,0.181818182,-0.18,0.73,-791494.0071996734,831381.0746838839
True,0.5,-0.5,1.0,-800615.5950115984,633709.3649719243
True,0.25,-0.25,0.5,-856104.8874848706,782055.8335888048
True,0.2,-0.2,0.39,-748867.9405877601,631321.9426991377
True,0.23125,-0.23,0.69,-841329.359259478,831291.0293741974
True,0.5,-0.5,1.0,-693145.8939572194,693391.500056681
True,0.5,-0.5,1.0,-587380.1286131778,685071.0194881512
True,0.2,-0.2,0.69,-673534.4184539749,735953.356097221
True,0.12121212099999999,-0.12,0.5,-1183043.175876436,890316.423650355
True,0.15,-0.15,0.65,-852139.1120045229,635936.7531805977
True,0.5,-0.5,1.0,-875837.9844174832,809766.9720773881
True,0.5,-0.5,1.0,-580158.2778764131,674937.1122190631
True,0.5,-0.5,1.0,-774487.5109953133,737268.5659033813
True,0.5,-0.5,1.0,-746736.9429651947,768641.5758176671
True,0.0,0.0,1.0,-787318.1181436519,685166.3941401214
False,0.25,0.25,0.33,-127702.27021472818,-31045.201553075254
False,0.5,0.5,1.0,0.0,0.0
False,0.0,0.0,0.0,-101092.57974461166,71893.53924894406
False,0.8,0.8,1.0,-207879.7140305987,11436.324718406016
False,0.0,0.0,0.0,-126059.2591615878,-103531.5469427118
False,0.5,0.5,0.5,-63842.849024374715,-120740.90851012015
False,0.0,0.0,1.0,-127144.36115816461,-102024.92790446259
False,0.0,0.0,0.0,0.0,0.0
False,0.13,-0.13,0.38,-211805.70661184558,17024.632425487805
False,0.3,0.3,0.25,-18860.815276969955,-43644.42530826113
False,0.01,-0.01,0.21,-11182.156504928837,-54448.539700385176
False,0.0,0.0,0.5,-211500.78623892035,16589.97687551178
False,0.19,0.19,0.43,-173531.80226209312,33399.28622621288
False,0.0,0.0,0.0,-88950.58167396719,54829.148829619284
False,0.5,0.5,0.5,-97674.62290906603,-73186.93251612232
False,0.75,-0.75,1.0,0.0,0.0
False,0.0,0.0,0.0,-212193.59108904982,17532.888407270308
False,0.6,-0.6,1.0,0.0,0.0
False,0.0,0.0,0.0,-89405.12757842276,-14746.427471955045
False,0.0,0.0,0.0,-88950.58167396719,54829.148829619284
False,0.72,0.72,0.92,0.0,0.0
False,0.5,-0.5,0.3,-88950.58167396719,54829.148829619284
False,0.0,0.0,0.0,-122931.22066881326,-37734.93001052118
False,0.15,0.15,0.35,-138923.34110898277,-85408.57358541765
False,0.0,0.0,0.0,0.0,0.0
False,0.0,0.0,0.0,0.0,0.0
False,0.5,0.5,0.5,-254054.8333282934,-134102.49198197652
False,0.21,-0.21,0.7,-283266.0191339354,47258.82488946024
False,0.0,0.0,1.0,-142567.07764971594,-10116.028551771487
False,0.07,0.07,0.23,-151553.79601380444,-67615.46491027283
False,0.0,0.0,0.0,-124954.20216101938,-105039.62440989757
False,0.23,-0.23,0.62,-154945.3725878019,-62936.44628247662
False,0.0,0.0,0.0,-131698.38086403103,-25430.02292815906
False,0.0,0.0,0.0,-128146.5918618191,39758.4528553985
False,0.43,-0.43,0.87,-244924.46352120495,-76887.30558678512
False,0.0,0.0,0.0,-340808.01404147147,127918.44386788447
False,0.3,-0.3,0.4,-41432.96345868015,-82079.04471255546
False,0.01,0.01,0.4,-253076.6943288201,-65358.14301320134
False,0.2,0.2,0.2,-97880.50305276555,-2827.7294431427363
False,0.57,0.57,0.38,0.0,0.0
False,0.7,0.7,0.57,-24631.92206551873,-35547.963532555965
False,0.0,0.0,0.0,-34562.20179487412,-21603.70605485543
False,0.43,-0.43,0.48,-199535.5392756444,-208.02472825041332
False,1.0,1.0,0.3,-44261.07396445537,-78107.02030188925
False,0.0,0.0,0.0,-149433.41729254535,-70622.60232403259
False,0.06,-0.06,0.55,-25400.258687485417,-34462.59499362811
False,0.0,0.0,0.0,0.0,0.0
False,0.13,-0.13,0.9,0.0,0.0
False,0.5,-0.5,1.0,-268171.19865596364,166208.26300010394
False,0.05,-0.05,0.75,-134238.56746147317,-91993.6017139434
False,0.0,0.0,0.0,-94638.88764961506,-7321.9340163688175
False,0.6,0.6,0.9,-140772.05524289908,-12717.519926041306
False,0.2,0.2,0.2,-16268.042406202212,-47291.17340869204
False,0.3,0.3,0.45,-5496.310760757267,-62418.82319183036
False,0.0,0.0,0.0,0.0,0.0
False,0.0,0.0,0.0,-38507.57020170853,-86193.1318935797
False,0.0,0.0,0.0,-198111.67783435373,-2286.965728941883
False,0.0,0.0,0.0,-59962.46048235954,-56066.30104848354
False,0.25,0.25,0.2,-97083.78635046388,-3942.3130798310012
False,0.0,0.0,0.0,-179315.55081810558,111595.6514773742
False,0.0,0.0,0.0,-34562.20179487412,-21603.70605485543
False,0.0,0.0,0.0,-59962.46048235954,-56066.30104848354
False,0.1,0.1,0.4,-336162.0280705067,51418.183743234295
False,0.0,0.0,0.0,0.0,0.0
False,0.5,0.5,0.5,0.0,0.0
False,0.35,0.35,0.55,-95197.52724015481,-6559.8464401987585
False,0.0,0.0,0.0,-338657.5804504693,-85402.72323854211
False,0.0,0.0,0.25,-59962.46048235954,-56066.30104848354
False,0.65,0.65,0.63,-3458.548250611773,-65285.66976139476
False,0.1,0.1,0.44,-211938.5993476259,-123083.28627069839
False,0.33,0.33,0.5,0.0,0.0
False,0.19,-0.19,0.5,-78222.97107349393,39702.11222843013
False,0.0,0.0,0.0,-24631.92206551873,-35547.963532555965
False,0.3,0.3,0.95,-323094.8092895055,-107489.63916392077
False,0.0,0.0,0.0,-34562.20179487412,-21603.70605485543
False,0.2,0.2,0.6,-270055.6080998837,168975.7150765058
False,0.5,0.5,0.5,-302828.3342869469,144821.09425213805
False,0.1,0.1,0.74,-198973.0827973772,69065.80980580131
False,0.15,-0.15,0.27,-123334.5012047145,-37173.23280429513
False,0.4,0.4,0.4,-199455.7424844644,-70522.59613846854
False,0.0,0.0,0.0,-199533.5002633536,-70405.15535843062
False,0.0,0.0,0.0,-78222.97107349393,39702.11222843013
False,0.1,0.1,0.25,-102057.8931881903,3098.611929667699
False,0.4,-0.4,0.6,-129137.72797268881,-99166.1373993079
False,0.33,0.33,0.5,-285436.33764371,-160162.90878313524
False,0.0,0.0,0.0,-5523.753365661475,-62383.079490116
False,0.33,0.33,0.5,-215806.66905905076,-187887.2274694729
False,0.52,0.52,0.55,-98252.50893639447,-142534.0351872452
False,0.04,-0.04,0.5,-247942.5295101445,67528.28866594638
False,0.0,0.0,0.0,-32014.15191898865,-25201.516271955446
False,0.33,0.33,0.5,-113954.74227038439,-50374.70225023016
False,0.28,0.28,0.33,-111749.06416388442,16713.609689863995
False,0.19,-0.19,0.68,-371396.75410871237,30554.43703557831
False,0.6,0.6,0.52,-68892.9960299741,-113654.9838344452
False,0.33,0.33,0.5,-43171.962933381,-79628.79953775724
False,0.23,-0.23,0.45,-266170.7094539817,23181.012250728796
False,0.1,0.1,0.53,-80057.90441318322,-238221.68953179033
False,0.21,-0.21,0.75,-161421.74374296376,-53760.533066451426
False,0.33,0.33,0.5,-414691.4627844948,21285.915957649195
False,0.41,0.41,0.6,-233642.1170236606,-22560.09333960463
False,0.15,0.15,0.3,-300007.71708218096,584.9060197280123
False,0.33,0.33,0.5,-198973.0827973772,69065.80980580131
False,0.33,0.33,0.5,-46590.504649511415,-144965.28619139796
False,0.08,-0.08,0.75,-86573.0011310916,-18641.015204188054
False,0.33,0.33,0.5,-143648.87399092654,-78793.19408961637
False,0.33,0.33,0.5,-262075.90427381214,87604.16142581822
False,0.33,0.33,0.5,-143648.87399092654,-78793.19408961637
False,0.03,0.03,0.28,-176554.74601120673,-32549.303747159378
False,0.0,0.0,0.44,-112235.72615725215,-122901.42078560006
False,0.13,0.13,0.45,-294319.4111065331,62735.98886571612
False,0.08,-0.08,0.4,-123644.49490478954,-106923.98962833511
False,0.29,0.29,0.68,-203253.57245263053,5005.797891517774
False,0.19,-0.19,0.72,-106621.93890351243,-60652.80948926553
False,0.31,0.31,0.41,-188003.6167249251,-297167.44988712086
False,0.07,0.07,0.25,-98288.3849462221,-142503.64545711764
False,0.27,0.27,0.45,-107830.25173212921,-58984.63290091922
False,0.33,0.33,0.5,-298544.02134811564,-71639.71694630988
False,0.03,-0.03,0.55,-94868.53032724943,-77169.60198381824
False,0.5,0.5,0.64,-242472.35184675973,-10253.086781844082
False,0.61,0.61,0.77,-230137.32125549816,-97539.92490005669
False,0.52,0.52,0.55,-44865.367874378026,-77255.51409400109
False,0.33,0.33,0.42,-223761.76361233793,-36375.66626574392
False,0.42,0.42,0.5,-189199.56181746378,-14771.960210888494
False,0.33,0.33,0.5,-214545.91339910356,20629.15620389836
False,0.33,0.33,0.5,-44289.45404479034,-78077.80520412883
False,0.28,0.28,0.5,-76737.95944351208,-32453.048125757825
False,0.18,0.18,0.23,-347493.4371167606,-2863.495450718692
False,0.21,0.21,0.35,-194986.5747469532,-76783.64722174608
False,0.09,-0.09,0.51,-39290.41901636943,-85129.78091725157
False,0.57,0.57,0.6,-53423.01707184408,-65248.13136311656
False,0.34,0.34,0.53,-113445.72005267144,-51102.35735834062
False,0.27,0.27,0.3,-288972.7824893875,125409.9982739927
False,0.01,0.01,0.47,-224179.7235174807,-35747.51951569806
False,0.27,0.27,0.34,-345243.4382175709,-5953.911800201211
False,0.17,0.17,0.75,-143638.43984003732,-78768.23985752444
False,0.17,0.17,0.25,-87920.11594844091,-86901.587826143
False,0.0,0.0,0.0,-34454.41235721084,-91889.8381256986
False,0.33,0.33,0.5,-145153.70133676156,-6469.359657759385
False,0.13,0.13,0.41,-34562.20179487412,-21603.70605485543
False,0.02,0.02,0.52,-402193.22427922033,3864.1708757393862
False,0.33,0.33,0.5,-43171.962933381,-79628.79953775724
False,0.57,0.57,0.6,-72126.21063131577,-179240.531784637
False,0.19,0.19,0.75,-306272.33678186574,79368.61245081211
False,0.33,0.33,0.5,-289794.1247135578,-154013.68303010595
False,0.42,0.42,0.5,-148249.83682635787,-72317.68800251708
False,0.17,0.17,0.3,-47540.313693592616,-73519.12231582377
False,0.33,0.33,0.58,-110832.41133390911,-54710.63587540728
False,0.63,0.63,1.0,-102057.8931881903,3098.611929667699
False,0.02,-0.02,0.17,-335439.09718846634,50166.360012038
False,0.33,0.33,0.5,-18860.815276969955,-43644.42530826113
False,0.42,0.42,0.5,-109811.00616195123,-126270.49730834129
False,0.57,0.57,0.6,-59018.89911709266,-127509.99488468541
False,0.1,0.1,0.59,-28906.785582955654,-169808.8085745513
False,0.03,-0.03,0.45,-78198.04143999214,-240852.97803797212
False,0.33,0.33,0.5,-27986.882374531033,-30815.92609961601
False,0.17,0.17,0.67,-222511.85924202309,31945.59550503357
False,0.11,0.11,0.38,-173735.76569348972,33626.59801050589
False,0.17,0.17,0.25,0.0,0.0
False,0.57,0.57,0.75,-52536.003627148864,-136611.43425386524
False,0.54,0.54,0.57,-72603.77512746786,-38262.256378603284
False,0.21,-0.21,0.5,-15526.16177460397,-48317.60604386832
False,0.08,-0.08,0.35,-173821.74579397598,-36395.36120558882
False,0.07,0.07,0.25,-172267.60831253603,31423.98665461628
False,0.04,-0.04,0.6,0.0,0.0
False,0.14,0.14,0.33,-282863.10811585805,46692.67760455725
False,0.33,0.33,0.5,-32014.15191898865,-25201.516271955446
False,0.14,0.14,0.45,0.0,0.0
False,0.33,0.33,0.5,-448498.36316077056,209070.8891880248
False,0.21,0.21,0.5,-262000.07521446518,-122929.04388290455
False,0.33,0.33,0.5,0.0,0.0
False,0.33,0.33,0.5,-122915.76331861527,-107945.43306168704
False,0.09,0.09,0.55,-123711.2866545216,-106746.78956515179
False,0.14,0.14,0.28,-198396.74138622935,-1910.4840671245474
False,0.33,0.33,0.5,-129483.1586839785,-98675.26997149592
False,0.33,0.33,0.5,-104644.36874682357,6705.063465386498
False,0.17,-0.17,0.5,-15526.16177460397,-48317.60604386832
False,0.32,0.32,0.37,-244538.4894234285,-357877.5764517612
False,0.33,0.33,0.5,-174914.79820765587,35325.927365711264
False,0.12,0.12,0.25,-44261.07396445537,-78107.02030188925
False,0.03,-0.03,0.6,-87517.91172613656,-227768.6794309316
False,0.33,0.33,0.5,0.0,0.0
False,0.33,0.33,0.5,-25400.258687485417,-34462.59499362811
False,0.33,0.33,0.5,-43492.73734248869,-79192.38884081709
False,0.17,0.17,0.3,-170938.61563671706,-180713.1989869147
False,0.29,0.29,0.38,-87734.63864764068,-157363.1576441276
False,0.15,0.15,0.39,-376002.09019713145,-103112.7593800885
False,0.42,0.42,0.56,-327011.008047953,38496.38166887053
False,0.06,0.06,0.45,-288784.13071807876,-85401.88023758869
False,0.08,-0.08,0.75,-127468.92893020876,-31345.118150214716
False,0.01,0.01,0.59,-264156.1764873189,-49788.54812003519
False,0.65,0.65,0.7,-102057.8931881903,3098.611929667699
False,0.33,0.33,0.5,0.0,0.0
False,0.42,0.42,0.5,-37739.23357974185,-87278.50043250754
False,0.09,0.09,0.58,-127644.66961920632,-101213.26887176486
False,0.17,0.17,0.25,-43492.73734248869,-79192.38884081709
False,0.17,-0.17,0.5,-15526.16177460397,-48317.60604386832
False,0.37,-0.37,0.62,-344418.8508691142,-7191.838512324815
False,0.22,0.22,0.52,-175289.45034992622,-34436.08433433868
False,0.33,0.33,0.5,-76737.95944351208,-32453.048125757825
False,0.17,0.17,0.25,-189541.23917596607,-14249.033648600012
False,0.56,0.56,0.67,-378862.2710912802,111373.6153105295
False,0.42,0.42,0.5,-113582.50373948592,19281.18529706332
False,0.33,0.33,0.5,-50574.871570246185,-139393.20445975396
False,0.06,0.06,0.28,-140012.6965262541,-154034.26862345444
False,0.33,0.33,0.5,-72704.11739392873,-178458.11350456736
False,0.65,0.65,0.5,-24631.92206551873,-35547.963532555965
False,0.64,0.64,0.83,-140578.91759475452,-503922.00527789403
False,0.42,0.42,0.5,-239008.67826431186,-85086.58019831362
False,0.33,0.33,0.5,-5523.753365661475,-62383.079490116
False,0.33,0.33,0.5,-119468.91364341727,27407.778406034013
False,0.33,0.33,0.5,-195389.79003572447,64048.678670286754
False,0.08,-0.08,0.7,-328957.8707580965,-169252.07523510483
False,0.21,-0.21,0.75,-106209.85344802497,8886.186128814123
False,0.19,-0.19,0.54,-83719.28183425119,-22716.710963400226
False,0.39,0.39,0.68,-31088.56466313329,-96613.67783961621
False,0.33,0.33,0.5,-133704.26577304426,-233014.4254342059
False,0.34,0.34,0.4,-108256.34555785244,11811.029951878249
False,0.12,-0.12,0.8,-254045.72887960105,-204209.68548920506
False,0.0,0.0,0.0,-5496.310760757267,-62418.82319183036
False,0.33,0.33,0.5,-16074.239217618857,-47546.97280708743
False,0.07,-0.07,0.58,-53140.725114559915,-135764.59096301923
False,0.0,0.0,0.0,-24631.92206551873,-35547.963532555965
False,0.08,0.08,0.37,-44849.78990949298,-77316.22029920186
False,0.33,0.33,0.5,-78823.2757593295,-99710.72635674468
False,0.33,0.33,0.5,-43492.73734248869,-79192.38884081709
False,0.33,0.33,0.5,-78222.97107349393,39702.11222843013
False,0.33,0.33,0.5,-270615.58861255704,29456.973146381868
False,0.33,0.33,0.5,-167173.55274746113,94531.26105804942
False,0.18,0.18,0.28,-176062.45227846078,-33254.73578792916
False,0.0,0.0,0.0,-147007.40713878907,-3885.9724528626284
False,0.47,0.47,0.75,-24631.92206551873,-35547.963532555965
False,0.22,-0.22,0.57,-173335.45624895414,-107187.96164355087
False,0.17,0.17,0.75,-113582.50373948592,19281.18529706332
False,0.33,0.33,0.5,-308789.10686653305,12928.6125152868
False,0.67,0.67,0.75,-143834.68819432583,-148657.42077466857
False,0.33,0.33,0.5,-308789.10686653305,12928.6125152868
False,0.33,0.33,0.5,-7163.765813240779,-60082.50929706581
False,0.07,0.07,0.65,-306380.1232891588,79632.61846858048
False,0.42,0.42,0.75,-217054.78439784743,24317.151044866638
False,0.33,0.33,0.5,-43492.73734248869,-79192.38884081709
False,0.17,0.17,0.25,-228947.93466353833,40886.18465307825
False,0.33,0.33,0.5,0.0,0.0
False,0.18,0.18,0.67,-125824.45023851296,-103788.48056211462
False,0.31,0.31,0.4,-222270.6895715525,-38522.691854947436
False,0.52,0.52,0.5,-54007.27598594406,-134569.67384119958
False,0.11,0.11,0.21,-149765.83218003536,-70226.98970652053
False,0.19,-0.19,0.68,-121292.86329778825,-40008.99738616019
False,0.33,0.33,0.5,0.0,0.0
False,0.33,0.33,0.5,-235442.5409844648,-90167.44419198633
False,0.25,-0.25,0.6,-252694.72235529788,-206160.2393468119
False,0.33,0.33,0.5,-217129.97545429072,-45718.093195304114
False,0.23,-0.23,0.7,-72658.4470603257,-108327.23959201248
False,0.37,0.37,0.54,-102854.89313901265,4154.148695874166
False,0.05,0.05,0.31,-43492.73734248869,-79192.38884081709
False,0.17,0.17,0.25,-247134.6333656616,-3554.888175968699
False,0.22,0.22,0.7,-102160.99270801886,-66887.74135742628
False,0.51,0.51,0.7,-335312.272121034,-160208.05719423684
False,0.32,0.32,0.6,-216450.0032671482,-46592.0674120652
False,0.42,0.42,0.5,-5496.310760757267,-62418.82319183036
False,0.33,0.33,0.5,-116004.59379117463,22694.06243607373
False,0.33,0.33,0.5,-107268.84240385254,-59742.48550953015
False,0.22,0.22,0.75,-168993.00209027794,-113292.71064780108
False,0.33,0.33,0.5,-9949.748679363664,-56156.903457776476
False,0.33,0.33,0.5,-206602.3581212893,79645.42712444252
False,0.04,0.04,0.73,-220304.47688601236,98927.38860142627
False,0.33,0.33,0.5,-177212.89890479547,38469.74481025354
False,0.08,-0.08,0.42,-219923.66124692195,-41801.29529184646
False,0.42,0.42,0.5,-120396.01229910999,-41272.447031391486
False,0.14,0.14,0.48,-160982.14183307922,-124535.48833980618
False,0.33,0.33,0.5,-380571.2803222493,253915.08801009328
False,0.33,0.33,0.5,-244812.89587238253,-6840.614086027628
False,0.56,0.56,0.65,-154960.93051700603,7249.064102672302
False,0.33,0.33,0.5,-228161.35469821852,-30201.972509505234
False,0.33,0.33,0.5,-226455.03195606137,-32593.941720387913
False,0.19,-0.19,0.28,-258990.56457164156,-57007.2751706461
False,0.38,0.38,0.5,-189349.24396107547,-14516.773994442272
False,0.33,0.33,0.5,-335256.6484301221,49909.56603016214
False,0.33,0.33,0.5,-195994.9312709627,64966.43961671286
False,0.09,-0.09,0.53,-282121.0539233548,45592.88994064331
False,0.02,0.02,0.6,-22877.398391553776,-108152.99312283611
False,0.24,-0.24,0.59,-146675.08025967516,-74521.5293812597
False,0.33,0.33,0.5,-15185.080558849966,-48812.87343814122
False,0.06,-0.06,0.49,-401547.9419531233,-67301.45365417801
False,0.42,0.42,0.5,-302012.5723770086,-66845.82808732899
False,0.21,-0.21,0.75,-264558.9502707888,20881.830987553716
False,0.33,0.33,0.5,-302012.5723770086,-66845.82808732899
False,0.33,0.33,0.5,-52306.25323006349,-207080.6253356717
False,0.33,0.33,0.5,0.0,0.0
False,0.33,0.33,0.5,-33675.188350178905,-92967.00894560412
False,0.03,-0.03,0.55,-335724.88701846846,-19570.810303172133
False,0.33,0.33,0.5,-119122.93554521486,-43137.024712817874
False,0.33,0.33,0.5,-27986.882374531033,-30815.92609961601
False,0.33,0.33,0.5,-80012.44668130485,42253.02699794246
False,0.13,0.13,0.36,-308186.55841311696,82069.73251912765
False,0.33,0.33,0.5,-335377.6879734938,-19843.01101316321
False,0.33,0.33,0.5,-310040.59329671314,14637.171663043642
False,0.33,0.33,0.5,-328351.58073026576,-29723.06743209438
False,0.16,0.16,0.53,-163008.91945384242,-121708.72032332295
False,0.35,0.35,0.63,-102057.8931881903,3098.611929667699
False,0.33,0.33,0.5,-33533.39658930736,-93177.10655425992
False,0.33,0.33,0.5,-45920.73224445817,-145930.37931787022
False,0.08,-0.08,0.75,-43196.308423917486,-79650.05597234062
False,0.22,0.22,0.35,-205318.90824051073,7896.905792563077
False,0.33,0.33,0.5,-10656.484419272758,-55179.92955908006
False,0.06,-0.06,0.59,-129656.74295710478,-28265.787510024114
False,0.32,0.32,0.44,-82812.94829651066,-164240.62521530312
False,0.57,0.57,0.6,-222053.83370591028,-38803.0502002942
False,0.34,0.34,0.57,-86702.01008505878,-158798.90495909916
False,0.05,-0.05,0.55,-282611.79384455096,-164166.6248523937
False,0.19,0.19,0.3,-15185.080558849966,-48812.87343814122
False,0.19,0.19,0.3,-71769.28840155681,-109593.14022306628
False,0.33,0.33,0.58,-190844.85801521398,-12457.608877464816
False,0.06,0.06,0.63,-384417.4114562613,48914.4076213471
False,0.57,0.57,0.6,-43492.73734248869,-79192.38884081709
False,0.2,0.2,0.5,-190528.1189036704,127192.39993152994
False,0.33,0.33,0.5,-5523.753365661475,-62383.079490116
False,0.11,0.11,0.5,-189253.58088483897,-84939.28445267386
False,0.29,0.29,0.75,0.0,0.0
False,0.08,-0.08,0.4,-103623.22976097935,5239.5172348020205
False,0.33,0.33,0.5,-206081.38603173534,-61195.858301981716
False,0.12,0.12,0.33,-235801.75290474575,-19420.707917249965
False,0.33,0.33,0.5,-30320.228041166603,-97699.04637854407
False,0.08,0.08,0.34,-113269.95252949964,-121435.5504064364
False,0.17,0.17,0.5,-161135.68650082074,-194511.26270334498
False,0.17,0.17,0.3,-234545.59416710632,-91331.68418380144
False,0.33,0.33,0.5,0.0,0.0
False,0.13,0.13,0.24,-298682.83220295206,-1282.071744294466
False,0.08,-0.08,0.75,0.0,0.0
False,0.74,0.74,0.8,-192317.59451148135,129743.31470104228
False,0.33,0.33,0.5,-9949.748679363664,-56156.903457776476
False,0.42,0.42,0.75,-27986.882374531033,-30815.92609961601
False,0.13,0.13,0.32,-118275.7923760358,-184561.23368725777
False,0.33,0.33,0.5,-46847.69765150099,-74460.35140787714
False,0.19,-0.19,0.7,-122137.91305984155,-249256.58485919557
False,0.33,0.33,0.5,-135152.859296873,-90681.88853307473
False,0.19,-0.19,0.7,-122137.91305984155,-249256.58485919557
False,0.19,-0.19,0.68,-179439.33278058525,-98584.78318905654
False,0.18,0.18,0.7,-210638.52101958776,-54818.79214213572
False,0.13,0.13,0.53,-233881.3333972723,-162399.7029350428
False,0.17,0.17,0.49,-135526.21031839633,-90151.21707550579
False,0.0,0.0,0.0,-52454.27080469286,-66597.68138717367
False,0.17,0.17,0.75,-405173.0466140477,148173.68353755237
False,0.17,-0.17,0.5,-112305.14783017649,87490.28770309982
False,0.13,0.13,0.32,-118275.7923760358,-184561.23368725777
False,0.12,-0.12,0.57,-124629.78188120203,-35326.89695469162
False,0.13,-0.13,0.7,-52618.80444004976,-66363.88963217198
False,0.42,0.42,0.75,-88950.58167396719,54829.148829619284
False,0.19,0.19,0.3,-369283.2259699985,97887.41301140812
False,0.04,0.04,0.47,-300280.28441106144,141223.28403503803
False,0.02,-0.02,0.5,-95310.38699652266,-146764.67548147897
False,0.33,0.33,0.5,-24213.881814594228,-106249.66045432344
False,0.33,0.33,0.5,-15526.16177460397,-48317.60604386832
False,0.42,0.42,0.5,-142643.23243452568,-80176.85650210164
False,0.06,0.06,0.73,-220912.53116471384,-180653.13394393265
False,0.15,0.15,0.27,-198637.3499200098,-1555.5758702469975
False,0.2,0.2,0.2,-94003.2185307849,-148528.00078084957
False,0.57,0.57,0.6,-43492.73734248869,-79192.38884081709
False,0.08,-0.08,0.75,-145541.2897714243,-146299.42376066552
False,0.03,-0.03,0.6,-180739.14945729644,-96875.81716121885
False,0.11,-0.11,0.64,-188141.85426268307,-156613.54307340694
False,0.22,0.22,0.39,-191805.47481297987,58983.29752549345
False,0.12,0.12,0.5,-142286.1161147943,-80646.25790700768
False,0.33,0.33,0.5,-72928.99823762749,-178111.27918999325
False,0.14,0.14,0.57,-218698.50416840793,-43675.771594408245
False,0.19,0.19,0.42,-172861.858723109,32380.178212061313
False,0.33,0.33,0.5,0.0,0.0
False,0.0,0.0,0.0,-35814.07857044757,-89996.50323294115
False,0.33,0.33,0.5,-85553.83486385945,-90290.61674292992
False,0.18,0.18,0.46,-87567.21710995078,-297844.26212902204
False,0.67,0.67,0.75,-122159.57543144439,-108983.4839152797
False,0.11,0.11,0.8,0.0,0.0
False,0.0,0.0,0.0,0.0,0.0
False,0.33,0.33,0.5,-19657.531979271615,-42529.84167157287
False,0.33,0.33,0.5,-88950.58167396719,54829.148829619284
False,0.38,0.38,0.5,-288916.42337685364,125331.28976824468
False,0.19,0.19,0.25,-198253.7582156901,-2014.209112561617
False,0.07,0.07,0.55,-82989.70836943884,-23658.14633970262
False,0.03,-0.03,0.55,-131097.31186388183,-96400.80898077422
False,0.33,0.33,0.5,0.0,0.0
False,0.04,0.04,0.48,-122566.05509369256,-108359.21028526576
False,0.33,0.33,0.5,-205736.94849143527,78598.60271433055
False,0.22,0.22,0.45,-353932.26124981086,-63937.873851495926
False,0.2,0.2,0.66,-200009.91234418514,70403.1950163474
False,0.17,0.17,0.31,-315380.13449629257,22051.512337182176
False,0.12,0.12,0.3,-200848.74109764,1564.252112445305
False,0.08,-0.08,0.75,0.0,0.0
False,0.33,0.33,0.5,-102057.8931881903,3098.611929667699
False,0.33,0.33,0.5,-35128.857683172166,-90935.59871695317
False,0.57,0.57,0.7,-144585.31708710035,-7298.849591873033
False,0.33,0.33,0.5,0.0,0.0
False,0.33,0.33,0.5,-106780.88572025954,9742.456402955955
False,0.33,0.33,0.45,-66915.46915181998,23888.826467384813
False,0.33,0.33,0.5,-61270.63547868457,15853.967823410345
False,0.03,-0.03,0.35,-109062.65955769438,-57276.269143527905
False,0.17,0.17,0.67,-186115.80570115815,-229526.6524759024
False,0.27,0.27,0.5,-152110.10893701712,3261.102089454802
False,0.03,-0.03,0.8,-5523.753365661475,-62383.079490116
False,0.33,0.33,0.5,-66915.46915181998,23888.826467384813
False,0.53,0.53,0.5,-186601.3371866738,51727.74305505616
False,0.33,0.33,0.65,-27349.849811975426,-101869.96135626777
False,0.33,0.33,0.63,-230964.634877095,-26281.827372809665
False,0.13,-0.13,0.5,-88950.58167396719,54829.148829619284
False,0.4,0.4,0.55,-334459.2621607126,-21327.366092189375
False,0.33,0.33,0.33,-196960.096586129,-3868.705060856795
False,0.42,0.42,0.58,-114466.85903851569,-49636.81112775614
False,0.08,0.08,0.5,-149882.1657466938,-140133.37262345743
False,0.0,0.0,0.25,-43492.73734248869,-79192.38884081709
False,0.33,0.33,0.25,-43492.73734248869,-79192.38884081709
False,0.17,0.17,0.25,-43492.73734248869,-79192.38884081709
False,0.17,0.17,0.5,-88950.58167396719,54829.148829619284
False,0.49,0.49,0.65,-196154.63024820058,-75305.05135831793
False,0.42,0.42,0.5,-240098.11170709616,-13374.363809797276
False,0.07,0.07,0.5,-303114.093368581,4955.966915503966
False,0.33,0.33,0.5,-139889.89230302247,-84071.5043594246
False,0.33,0.33,0.5,-413336.123815744,159654.70943856885
False,0.33,0.33,0.5,-348439.3162929001,-1539.620088120042
False,0.33,0.33,0.4,-125308.71725249205,-104539.23425300991
False,0.33,0.33,0.5,-283171.1437655083,47136.95731758952
False,0.33,0.33,0.5,-35761.09128141659,-90046.84998237486
False,0.34,0.34,0.75,-88950.58167396719,54829.148829619284
False,0.52,0.52,0.5,-19726.590656813984,-112576.8431700868
False,0.42,0.42,0.63,-58938.67874446362,-127672.61923972756
False,0.33,0.33,0.5,-190368.5737481371,-13289.861528376103
False,0.18,0.18,0.5,-359813.5237094115,154765.66324182233
False,0.42,0.42,0.63,-178590.38258743932,-169976.59484037722
False,0.33,0.33,0.3,-104396.64111408812,-63746.57781998755
False,0.03,-0.03,0.5,-32014.15191898865,-25201.516271955446
False,0.17,0.17,0.54,-70873.7778064755,-181020.09656406578
False,0.33,0.33,0.39,-284534.174898275,119133.62689830145
False,0.38,0.38,0.75,-16074.239217618857,-47546.97280708743
False,0.22,0.22,0.0,0.0,0.0
False,0.57,0.57,0.5,-102066.11733959179,-67009.608929297
False,0.0,0.0,0.63,-291503.0093362008,-151594.04564799828
False,0.49,0.49,0.57,-75835.01896630976,-174030.53505659656
False,0.34,0.34,0.75,-55252.156949848286,-132830.99837610868
False,0.33,0.33,0.6,-218138.56464414188,-44213.37433390907
False,0.12,0.12,0.3,-24631.92206551873,-35547.963532555965
False,0.57,0.57,0.55,-244047.58986688082,-218340.62342990408
False,0.1,0.1,0.5,-164208.31980231486,-49857.985567625125
False,0.03,-0.03,0.63,-80012.44668130485,42253.02699794246
False,0.33,0.33,0.72,-148869.02097551772,-211728.2788769715
False,0.19,-0.19,0.75,-134019.72266724892,-92316.64684325711
False,0.25,-0.25,0.5,-112305.14783017649,87490.28770309982
False,0.33,-0.33,0.75,-134019.72266724892,-92316.64684325711
False,0.65,0.65,0.18,-267596.98770208884,-44942.76448959824
False,0.04,0.04,0.49,-117166.81896223052,24346.566441856623
False,0.33,-0.33,0.5,-174914.79820765587,35325.927365711264
False,0.15,0.15,0.5,-43128.2513348263,-79682.05920063298
False,0.33,0.33,0.75,-134019.72266724892,-92316.64684325711
False,0.33,0.33,0.63,-127546.4400193215,-31273.228383033154
False,0.33,-0.33,0.75,-88950.58167396719,54829.148829619284
False,0.17,-0.17,0.75,-134019.72266724892,-92316.64684325711
False,0.42,0.42,0.37,-312093.70358350157,-52630.74539859219
False,0.33,-0.33,0.5,-83700.08610171483,-92884.56619805697
False,0.08,-0.08,0.75,-134019.72266724892,-92316.64684325711
False,0.33,-0.33,0.5,-40822.520365035365,-82930.63012686242
False,0.33,-0.33,0.5,-116004.59379117463,22694.06243607373
False,0.33,0.33,0.35,-155866.05082578718,78717.9752970041
False,0.13,0.13,0.5,-33483.1931352883,-93234.74929144637
False,0.33,-0.33,0.5,-19657.531979271615,-42529.84167157287
False,0.42,0.42,0.75,-134019.72266724892,-92316.64684325711
False,0.33,-0.33,0.5,-351116.85743739776,-67881.26599993749
False,0.33,-0.33,0.6,-43492.73734248869,-79192.38884081709
False,0.33,0.33,0.8,-143681.74231661073,-78783.01201188377
False,0.57,0.57,0.67,-208984.32850858028,-57166.93640426647
False,0.36,0.36,0.5,-113495.63981659315,-50981.7222935039
False,0.32,0.32,0.55,-293669.1609631109,-8485.178644699641
False,0.52,0.52,0.47,-96480.00381268293,-425586.24881206854
False,0.03,-0.03,0.5,-306647.01296058396,-60213.21240242976
False,0.2,0.2,0.5,-351775.2864008633,-277387.3995563549
False,0.33,0.33,0.55,-200381.71832239264,-69220.49991127366
False,0.42,0.42,0.5,-82441.63092642395,-24428.779576483506
False,0.52,0.52,0.25,-347820.7281772606,-142670.37270742547
False,0.33,0.33,0.0,-238782.97635111783,54698.21757464803
False,0.17,0.17,0.75,-174648.52703110594,-105460.24796177552
False,0.0,0.0,0.5,-18860.815276969955,-43644.42530826113
False,0.11,0.11,0.78,-240299.15028630936,56994.896659475125
False,0.33,0.33,0.45,-32577.76548286892,-94518.16588366155
False,0.36,-0.36,0.25,-46513.751725460665,-145087.74823758253
False,0.26,0.26,0.45,-32577.76548286892,-94518.16588366155
False,0.17,0.17,0.31,-253288.17241593398,-65094.670368405335
False,0.17,0.17,0.5,-46513.751725460665,-145087.74823758253
False,0.33,0.33,0.5,0.0,0.0
False,0.26,0.26,0.5,-145138.4402253139,63590.93869581494
False,0.33,0.33,0.45,-32577.76548286892,-94518.16588366155
False,0.33,0.33,0.75,-126689.81525370904,-32449.351602888266
False,0.26,0.26,0.5,0.0,0.0
False,0.08,-0.08,0.73,-245227.79120951792,-76358.85451482967
False,0.42,0.42,0.25,-267553.2830459671,25202.750145789138
False,0.15,0.15,0.45,-184276.09130263384,48491.19230763683
False,0.17,0.17,0.5,0.0,0.0
False,0.02,0.02,0.5,0.0,0.0
False,0.33,0.33,0.6,-255590.17027007358,8216.952426944561
False,0.33,0.33,0.5,-112677.38343070477,-52187.72589726847
False,0.27,-0.27,0.5,-32324.239898222542,-94888.08321725085
False,0.33,0.33,0.5,-189688.54071985095,-14148.907620460668
False,0.33,0.33,0.3,-364743.15773048496,-48707.81783504327
False,0.33,0.33,0.67,-335181.60164389276,190313.6267743783
False,0.27,0.27,0.45,-278914.97895224893,41169.258291268015
False,0.26,0.26,0.5,-78222.97107349393,39702.11222843013
False,0.02,-0.02,0.25,-92315.7278393054,-10573.768526243297
False,0.33,0.33,0.45,-107999.32905583589,11437.100898326455
False,0.17,0.17,0.0,0.0,0.0
False,0.27,0.27,0.5,-201147.64960727055,2008.3057388989837
False,0.0,0.0,0.5,-25400.258687485417,-34462.59499362811
False,0.33,0.33,0.5,-66915.46915181998,23888.826467384813
False,0.33,0.33,0.35,-32342.28162382107,-94838.14621577947
False,0.33,0.33,0.5,0.0,0.0
False,0.27,0.27,0.68,-35183.69375387559,-90847.44771544119
False,0.33,0.33,0.5,-9949.748679363664,-56156.903457776476
False,0.44,-0.44,0.0,-340154.4877474649,56809.3536514105
False,0.33,0.33,0.5,-58300.8987730754,-128525.69733026894
False,0.0,0.0,0.51,-383050.647427034,47107.377116391806
False,0.31,0.31,0.58,-50874.967195958605,-68845.94158021657
False,0.33,0.33,0.31,-9822.490291692106,-56341.87459314264
False,0.0,0.0,0.75,-88950.58167396719,54829.148829619284
False,0.17,0.17,0.5,-88045.46136518603,-16639.762364712507
False,0.59,0.59,0.75,-142880.53736895986,-79878.56262854424
False,0.33,0.33,0.82,-96086.68589892371,-5293.945809144971
False,0.43,0.43,0.82,-96086.68589892371,-5293.945809144971
False,0.04,-0.04,0.8,-254756.68123532613,-63002.01904607742
